Error #,Index,True Activity,Predicted Activity,Confidence
1,1152,WALKING,WALKING_DOWNSTAIRS,0.99999976
2,1151,WALKING,WALKING_DOWNSTAIRS,0.99992716
3,2526,WALKING_DOWNSTAIRS,WALKING_UPSTAIRS,0.9999189
4,791,SITTING,WALKING_UPSTAIRS,0.9997917
5,756,WALKING_UPSTAIRS,WALKING,0.9997917
6,732,WALKING_UPSTAIRS,WALKING,0.99978083
7,1153,WALKING,WALKING_DOWNSTAIRS,0.9997774
8,2537,WALKING_DOWNSTAIRS,WALKING_UPSTAIRS,0.999745
9,1091,SITTING,STANDING,0.99972624
10,2519,WALKING_DOWNSTAIRS,WALKING_UPSTAIRS,0.99963343
